编号,性别,年龄,受教育程度,职业,收入,PP1_平台会依据我近期浏览过的内容持续调整广告推荐方式,PP2_我接收到的广告通常能够准确对应当前兴趣和实际需求,PP3_广告中呈现的商品或服务与我的个人偏好保持较高一致性,PP4_平台推送广告时能够体现对我以往选择习惯的持续了解,AA1_看到这类个性化广告时我会主动跳过或尽快关闭相关页面,AA2_即使广告内容与我有关我仍会减少停留并避免进一步点击,AA3_当平台频繁推送个性化广告时我会刻意回避相关品牌信息,PC1_我担心平台为投放广告收集了超出必要范围的个人信息,PC2_我担心自己的浏览和购买记录会被用于并未明确说明的用途,PC3_个性化广告让我担心个人数据可能被不同机构共享或滥用,PC4_我不确定平台是否真正采取了足够措施保护我的个人隐私,PI1_个性化广告经常打断我原本正在进行的浏览或信息获取活动,PI2_平台对我兴趣的判断过于具体时会让我产生被监视的不适感,PI3_同类广告反复出现会让我觉得个人网络空间受到了明显侵扰,PI4_这些广告出现的时间和位置常常使我感到难以主动控制体验,PI5_个性化广告的持续追踪感会影响我对平台整体体验的评价,PV1_个性化广告能够帮助我更快发现具有实际价值的商品或服务,PV2_与普通广告相比个性化推荐能够减少我筛选信息所花费的时间,PV3_当推荐准确时我认为用部分偏好信息交换便利是可以接受的,PV4_总体而言个性化广告为我的购买决策提供了有帮助的信息
1,1,4,4,4,2,4,3,3,4,2,2,3,4,3,3,2,5,3,4,3,3,3,3,4,3
2,2,1,2,1,1,3,4,4,3,1,1,1,2,3,3,2,2,2,3,2,1,5,5,5,5
3,2,1,1,5,1,3,2,4,5,5,5,5,4,5,3,4,3,3,4,4,5,1,1,1,1
4,2,1,1,3,2,4,5,5,5,4,4,4,2,1,2,2,3,4,4,3,5,4,3,4,5
5,1,4,4,5,2,1,1,2,1,3,2,3,2,1,2,1,1,1,1,1,1,3,3,2,2
6,1,3,4,3,3,1,2,3,2,5,4,4,4,3,4,2,2,2,2,2,4,3,3,3,3
7,2,3,4,4,4,5,5,5,5,5,5,5,5,5,5,5,4,4,5,5,4,3,4,4,4
8,2,3,4,1,2,4,3,4,4,4,3,4,2,3,1,2,2,3,2,4,3,1,1,1,1
9,2,2,2,5,2,2,4,2,2,1,2,2,3,3,2,2,2,2,3,2,1,2,1,1,2
10,1,3,2,3,4,3,3,4,4,2,3,2,5,4,5,4,2,2,2,3,3,4,3,4,4
11,1,1,1,2,1,4,3,4,4,2,4,2,2,1,2,2,4,3,3,3,4,3,4,4,5
12,2,2,1,1,1,3,2,3,3,2,1,2,1,2,2,1,1,1,1,1,1,4,4,4,5
13,2,2,3,2,4,2,3,2,3,2,4,2,1,3,2,2,3,4,4,2,2,1,1,1,1
14,1,2,3,4,3,3,4,2,2,2,2,1,4,4,4,4,1,1,1,1,1,4,4,5,5
15,1,4,3,2,1,3,2,3,2,2,2,1,3,2,3,3,4,3,5,4,5,2,2,3,2
16,2,4,1,2,4,4,4,3,4,3,4,3,5,5,5,5,2,1,3,3,2,1,1,1,1
17,1,3,1,3,4,2,3,3,3,2,3,4,4,3,4,3,2,2,2,2,2,2,2,2,3
18,1,4,1,5,4,1,1,1,3,1,1,1,1,1,1,1,2,1,2,1,1,5,4,5,5
19,2,4,3,2,3,1,2,2,2,3,4,5,3,1,1,2,2,3,3,4,4,3,2,3,2
20,1,4,2,1,2,2,2,3,3,1,1,2,4,2,2,3,2,2,1,3,3,3,3,4,4
21,2,2,1,4,2,2,1,1,2,1,2,1,4,3,4,5,2,3,3,3,3,3,5,5,4
22,2,1,2,3,1,3,2,1,2,2,4,3,1,2,2,2,2,2,1,3,1,3,4,3,4
23,2,1,2,4,1,5,5,5,5,5,5,5,5,5,5,5,5,5,5,4,5,4,5,5,4
24,2,4,4,1,3,1,2,1,1,4,3,2,2,3,3,4,5,5,5,5,5,1,2,3,2
25,2,4,1,4,1,2,1,1,2,1,1,1,2,4,2,3,1,3,1,1,1,4,3,4,3
26,1,2,4,5,4,3,4,4,4,2,2,3,3,4,3,4,3,3,3,2,3,3,1,2,4
27,1,3,2,2,2,4,2,3,2,2,2,2,3,2,2,3,2,2,4,3,3,4,3,4,4
28,2,2,3,3,2,4,3,3,3,2,3,2,2,2,2,2,3,3,2,3,4,1,2,2,2
29,1,2,4,2,2,5,5,5,5,5,5,5,5,5,4,5,5,5,5,5,5,5,3,5,5
30,2,2,2,2,2,2,2,2,2,1,2,2,2,3,3,4,1,1,1,1,1,4,4,4,4
31,1,3,1,2,2,3,4,4,4,5,4,4,3,3,4,4,4,5,5,5,4,4,3,4,4
32,2,4,3,1,3,4,4,4,2,4,4,5,4,5,3,3,5,5,5,5,5,2,1,2,2
33,1,3,4,4,2,5,4,5,4,2,4,2,5,5,5,5,3,2,3,3,3,1,1,1,1
34,1,4,1,4,4,5,5,4,5,4,4,5,1,3,3,3,4,3,4,5,4,4,4,3,5
35,1,1,3,4,1,1,1,1,2,5,3,4,4,3,4,3,2,1,2,1,2,1,3,2,2
36,2,1,4,3,4,3,3,3,2,3,3,3,2,4,4,4,2,2,1,2,2,2,2,2,1
37,1,4,4,5,1,3,3,3,3,3,3,3,4,4,4,5,3,4,3,5,5,4,3,3,4
38,1,1,1,4,2,3,4,3,4,4,3,3,5,5,4,5,3,4,4,3,4,2,1,2,1
39,1,1,3,1,4,2,1,2,2,1,1,1,3,3,2,3,1,3,2,3,1,2,2,2,2
40,2,1,3,4,1,2,2,2,2,1,3,2,3,3,2,4,1,2,2,1,1,3,2,2,4
41,1,1,1,1,2,3,4,3,4,4,4,4,2,2,2,4,2,2,3,4,3,2,1,3,2
42,2,1,3,5,1,5,4,4,4,4,2,3,5,5,5,5,2,3,3,5,3,4,5,5,3
43,2,4,3,2,1,3,2,2,4,3,4,5,3,2,3,3,4,4,3,4,4,1,1,2,1
44,2,2,2,5,4,4,4,4,4,4,3,3,2,3,2,2,2,2,2,2,1,3,2,2,2
45,2,1,2,1,4,2,1,2,3,2,2,2,2,4,4,4,1,2,3,2,1,3,2,2,3
46,2,4,3,5,4,1,1,1,1,1,1,2,1,1,2,1,1,2,2,2,1,4,3,3,3
47,1,4,2,1,1,3,3,3,5,2,2,4,1,2,2,1,4,4,3,5,4,1,2,1,1
48,1,1,4,4,4,2,2,2,2,1,1,1,1,1,2,1,1,1,1,1,1,4,3,4,3
49,1,4,2,1,1,2,2,2,2,3,1,2,3,4,4,3,3,1,3,3,1,3,4,2,2
50,2,3,3,5,2,4,3,3,4,2,1,2,3,2,3,2,3,2,3,3,3,1,3,2,2
51,2,3,4,2,4,3,4,2,2,3,2,3,2,3,3,2,5,5,5,5,5,2,1,1,1
52,1,4,4,5,1,4,5,5,5,4,3,2,3,5,5,4,1,2,2,1,2,5,3,4,4
53,1,2,4,5,1,3,3,4,4,4,4,2,3,4,3,3,3,3,3,3,4,4,5,4,3
54,1,4,4,2,2,2,4,4,3,3,3,3,1,1,2,1,2,2,3,3,3,2,3,1,3
55,1,2,1,5,4,5,5,5,5,3,4,5,4,3,4,5,5,5,5,5,5,4,3,4,4
56,2,2,2,3,2,1,1,1,1,1,1,1,1,1,1,1,2,2,1,2,1,3,4,3,3
57,1,3,1,2,4,3,4,3,4,5,5,5,5,5,5,5,5,5,5,5,5,3,4,4,2
58,1,3,4,3,2,3,3,3,3,2,3,2,4,4,3,3,4,2,3,4,3,1,1,1,1
59,1,1,1,3,3,2,2,2,2,3,4,3,1,1,3,4,5,5,5,5,5,3,3,2,4
60,2,2,1,4,4,5,3,4,5,4,5,4,5,4,4,5,3,4,4,3,3,4,4,5,5
61,2,3,3,2,4,1,1,2,1,3,3,4,2,3,1,2,4,4,4,4,3,1,1,1,1
62,2,4,1,2,3,3,2,3,2,2,4,4,4,3,2,2,2,3,4,3,3,2,2,2,2
63,1,1,4,1,2,1,1,1,1,2,1,2,1,1,1,1,3,3,3,4,2,4,5,3,4
64,1,4,2,3,2,5,4,4,5,4,4,5,2,3,2,3,5,5,4,4,3,4,5,5,5
65,2,3,3,4,2,3,3,2,2,4,4,4,1,2,1,1,5,5,5,4,4,1,1,2,1
66,2,2,1,5,4,2,3,3,3,3,3,3,2,2,2,2,2,3,3,3,1,1,1,1,2
67,2,1,3,2,3,5,5,5,5,5,5,5,5,5,5,5,5,5,5,5,5,3,4,4,4
68,1,4,4,2,3,3,4,4,4,4,3,4,3,5,4,5,3,2,2,2,4,3,2,5,3
69,1,4,3,2,1,2,3,3,3,2,2,4,4,3,3,3,2,1,3,2,1,2,2,2,1
70,1,4,2,5,4,5,3,5,4,3,3,3,4,4,4,4,5,4,5,3,5,2,2,3,3
71,1,1,1,5,1,5,5,5,5,3,3,4,3,1,1,2,5,4,4,4,5,3,2,3,3
72,1,1,1,3,3,3,4,3,4,2,1,2,2,4,3,2,3,2,3,3,2,2,3,3,3
73,1,2,3,2,1,3,3,3,3,2,2,3,3,2,2,3,3,2,1,3,3,4,3,4,5
74,2,4,1,2,3,1,3,2,2,4,3,3,4,2,4,2,3,3,4,4,4,3,3,4,4
75,2,3,2,3,1,5,5,5,4,5,4,4,3,4,4,3,5,5,5,4,5,2,4,4,3
76,1,2,1,4,4,4,4,4,5,3,4,4,5,5,4,4,5,4,4,4,5,5,5,5,5
77,2,1,3,1,1,2,4,3,3,4,4,4,4,3,4,4,5,4,5,5,5,3,3,4,1
78,1,3,4,5,1,4,4,3,3,4,2,3,3,4,4,4,4,3,4,4,4,3,3,5,2
79,1,1,3,5,3,2,3,3,1,2,3,3,4,4,3,4,4,3,4,4,3,5,4,4,4
80,2,3,1,2,2,3,4,3,3,4,5,4,4,4,4,3,4,4,4,5,4,4,3,4,4
81,2,4,4,3,2,3,2,3,1,4,4,4,4,3,4,4,4,2,2,3,2,1,1,3,2
82,1,3,1,2,2,4,3,3,4,1,1,1,1,1,1,1,1,1,1,1,1,5,3,3,2
83,1,1,1,5,3,1,1,1,2,1,2,1,2,3,1,2,2,1,1,2,1,1,3,2,2
84,2,4,1,5,4,3,2,2,2,1,1,2,1,1,1,1,1,1,1,1,1,1,2,4,1
85,1,2,1,1,4,2,2,2,3,4,4,5,3,3,4,3,3,4,3,4,3,3,4,2,4
86,1,1,1,1,1,5,5,5,5,5,5,5,5,5,5,5,3,3,2,3,4,4,4,4,4
87,1,2,3,3,3,5,5,4,5,5,5,5,4,3,3,3,4,4,5,5,5,1,2,1,2
88,2,2,4,2,2,4,4,3,5,5,4,5,5,5,5,5,5,5,5,5,5,3,3,3,3
89,2,4,4,5,3,3,1,1,4,2,3,3,2,4,1,2,2,2,3,2,2,3,4,3,3
90,1,1,2,2,2,4,4,5,5,3,5,3,3,3,4,2,5,4,5,4,5,4,4,4,4
91,1,4,3,4,1,2,2,2,2,2,2,3,1,2,1,1,4,4,4,4,4,3,4,4,3
92,1,1,3,4,3,5,5,5,4,5,5,5,3,2,3,3,3,4,5,5,5,3,3,3,3
93,2,1,2,2,2,1,2,1,2,1,1,1,2,2,2,2,1,1,1,1,2,3,3,4,4
94,1,1,3,5,4,4,4,4,4,3,4,5,4,4,4,4,3,4,5,5,5,5,5,3,3
95,2,3,3,1,1,2,1,1,1,1,1,1,3,2,1,2,1,1,1,1,1,5,5,4,5
96,1,4,2,3,2,1,2,3,3,3,3,1,2,2,3,2,3,2,3,3,3,3,3,4,3
97,1,1,2,3,1,3,4,5,5,4,4,4,4,5,4,5,3,3,2,3,3,3,3,3,4
98,2,4,1,3,1,4,3,3,3,4,4,5,4,5,5,5,4,5,5,5,5,1,1,2,2
99,2,1,2,1,3,4,5,5,4,3,3,3,5,5,5,5,1,2,2,2,2,4,4,4,4
100,1,1,1,2,1,1,2,2,2,3,4,3,2,3,3,2,1,1,2,2,1,1,2,1,1
101,1,3,2,2,2,1,1,1,1,1,1,1,1,1,1,1,1,1,1,1,1,3,3,3,3
102,1,2,2,2,4,4,3,4,4,4,5,5,5,5,5,5,3,4,3,3,5,3,5,3,4
103,2,2,3,3,3,1,1,1,1,3,2,3,2,3,2,3,2,2,2,3,3,2,3,2,2
104,1,1,4,3,2,3,2,3,3,4,4,4,2,3,3,4,4,3,3,4,3,5,5,5,5
105,1,4,2,4,3,3,3,2,2,4,3,3,2,3,2,4,3,4,4,4,5,5,4,5,5
106,1,2,3,2,2,4,3,3,3,2,2,4,4,3,4,4,2,1,1,1,1,2,3,3,2
107,2,2,3,1,4,3,5,5,3,5,5,5,1,3,2,2,5,5,5,5,5,5,5,5,4
108,2,1,4,5,3,5,4,5,4,4,4,5,3,3,2,4,4,3,3,3,3,4,5,5,5
109,1,2,2,4,3,3,3,2,2,2,3,3,4,3,5,4,2,1,1,3,3,5,5,5,5
110,1,1,4,4,2,5,5,5,4,4,3,2,3,3,2,4,4,4,3,4,4,4,4,4,4
111,2,4,1,4,3,2,2,2,3,3,2,4,4,3,4,4,3,2,2,3,2,3,4,4,3
112,2,2,1,4,2,4,3,4,4,3,4,4,2,3,4,4,4,3,4,2,4,2,2,2,2
113,1,1,2,1,4,4,5,5,4,3,5,5,5,5,5,4,2,2,1,2,2,5,5,5,5
114,2,1,1,5,4,3,3,3,3,3,1,2,4,5,5,4,2,1,3,2,2,2,2,2,2
115,2,3,2,4,3,5,4,4,4,3,3,4,4,5,5,4,4,5,5,4,4,2,2,3,2
116,2,2,1,4,2,4,2,2,3,2,2,1,4,4,4,4,2,3,3,3,3,4,4,5,5
117,2,2,2,3,2,2,4,2,3,5,5,5,3,4,4,4,3,4,3,3,3,1,1,1,1
118,2,3,1,4,3,3,3,3,2,2,2,2,2,3,2,2,4,4,3,3,5,5,4,4,5
119,2,4,3,1,2,4,4,4,4,3,2,4,4,3,2,2,4,4,4,5,5,5,5,5,5
120,2,3,1,2,1,4,4,2,4,4,3,5,3,3,3,3,4,2,3,5,3,2,2,2,2
121,2,4,1,5,3,5,5,4,5,1,3,3,4,5,3,4,1,3,2,2,2,4,3,3,4
122,2,4,2,4,3,5,5,4,5,4,4,4,4,3,2,3,1,2,1,3,1,2,3,3,4
123,1,3,3,2,2,2,3,3,2,4,4,5,4,4,4,5,3,2,3,3,4,2,2,2,1
124,1,4,2,1,3,3,3,3,3,4,3,5,2,2,2,1,2,3,2,3,3,3,4,3,4
125,2,4,4,3,2,4,4,5,4,4,4,3,5,4,4,5,3,2,2,1,2,1,1,1,2
126,2,2,3,2,2,4,3,3,4,3,4,5,2,4,3,3,2,3,4,2,3,3,3,3,4
127,1,1,4,4,3,3,3,4,3,2,3,1,2,3,3,3,3,2,2,2,2,2,2,2,2
128,1,1,3,1,4,4,2,5,3,2,3,2,2,3,3,2,3,3,3,3,4,3,4,4,3
129,1,3,3,2,2,1,1,2,3,1,1,1,2,2,2,2,1,1,1,2,2,3,2,3,1
130,2,3,1,2,1,1,1,1,1,3,4,3,1,2,1,1,2,3,2,2,3,1,1,1,1
131,1,3,1,4,1,4,5,4,4,3,3,2,4,3,3,3,3,3,3,3,4,5,4,5,4
132,2,3,1,2,3,3,2,3,1,5,5,4,4,3,3,4,5,5,5,5,5,1,2,2,2
133,1,1,4,1,3,4,5,4,5,1,1,2,4,3,3,4,3,3,3,3,3,5,4,4,5
134,1,1,4,2,1,2,3,4,2,3,3,3,4,3,3,4,3,3,2,3,3,2,3,2,2
135,2,1,3,5,3,2,2,3,3,5,4,4,2,3,2,3,3,3,3,3,2,1,2,1,1
136,2,4,3,1,3,2,3,3,3,2,3,3,2,2,3,3,2,3,3,3,5,3,3,3,4
137,1,4,2,3,4,3,1,1,2,4,3,3,3,1,1,1,3,3,3,4,4,2,2,2,1
138,2,2,3,1,3,3,4,4,4,2,2,3,3,2,1,2,2,2,4,2,3,3,2,2,3
139,2,2,3,4,4,3,2,2,1,3,4,3,4,2,4,4,2,2,3,1,2,3,4,4,5
140,2,3,1,4,3,3,3,3,3,4,5,5,3,2,2,2,3,4,4,4,4,1,1,1,1
141,2,4,3,4,1,1,1,1,1,2,2,2,2,2,2,3,1,1,1,1,2,1,2,2,2
142,1,3,1,3,3,2,1,2,2,1,2,2,3,3,3,4,1,1,2,2,2,3,2,2,4
143,1,3,2,3,3,1,2,3,3,2,2,2,1,2,1,1,1,1,1,1,1,2,3,4,2
144,1,2,1,3,1,1,1,1,1,3,2,3,2,1,1,1,2,1,2,2,2,4,4,3,3
145,1,3,2,3,3,3,3,4,3,3,3,4,1,2,2,2,4,4,4,5,4,1,1,1,1
146,2,3,2,1,1,4,4,5,5,3,4,4,5,5,5,5,3,3,2,4,3,3,3,4,4
147,2,3,1,3,1,4,4,5,4,4,4,3,5,4,4,5,5,4,5,5,4,2,3,3,3
148,1,2,3,3,3,4,3,3,4,2,3,2,2,3,3,5,5,5,5,4,3,4,3,4,5
149,1,4,1,3,2,5,4,5,4,4,3,4,4,3,4,5,4,3,2,4,4,3,4,4,5
150,1,1,1,3,3,4,4,5,5,4,3,4,4,3,3,4,5,5,5,5,5,4,2,1,2
151,2,2,3,4,4,3,2,4,3,3,3,4,3,3,3,2,3,1,2,2,2,2,2,2,2
152,1,1,1,3,3,4,3,3,3,2,1,3,5,5,5,5,4,3,3,4,4,2,4,4,3
153,2,1,3,4,2,3,1,2,3,4,3,4,4,4,2,4,3,5,2,3,4,2,2,2,3
154,1,1,2,1,4,1,2,1,2,2,3,2,1,1,2,1,2,1,3,2,2,2,2,2,3
155,1,1,2,4,4,2,2,2,2,4,3,2,3,3,3,3,4,5,4,4,5,1,1,1,1
156,2,1,3,1,4,1,1,1,1,2,2,3,3,1,2,3,1,2,2,1,2,4,4,3,5
157,2,4,2,5,3,1,1,1,1,1,1,1,1,1,1,1,1,1,1,1,1,3,3,3,2
158,2,4,4,2,1,3,1,2,2,2,3,2,3,4,2,4,4,2,3,3,2,5,4,4,5
159,1,2,1,4,4,2,1,3,1,4,2,2,4,5,5,4,4,3,2,2,1,4,5,5,5
160,2,3,3,2,3,1,1,1,1,1,2,1,1,1,1,1,2,2,2,1,2,1,2,1,2